{
  "dark_noise": {
    "0": [
      1.870244318524783e-05,
      9.840893265121467e-06,
      2.3619070361746708e-05,
      1.0271251767009252e-05
    ],
    "1": [
      2.0498987396422308e-05,
      1.4609222221102934e-05,
      2.7318885713611962e-05,
      1.1318299015314991e-05
    ],
    "2": [
      4.571160843624966e-05,
      1.57845698597271e-05,
      2.3075392618920887e-05,
      2.789504121504503e-05
    ],
    "3": [
      1.8977457330038305e-05,
      7.20076288838966e-06,
      2.7489743388287025e-05,
      1.247830209656597e-05
    ],
    "4": [
      1.4631565363742993e-05,
      1.1640474680815291e-05,
      2.7046869490732206e-05,
      1.2852258806869439e-05
    ],
    "5": [
      2.1541197838814696e-05,
      1.2298060061061539e-05,
      2.6893264930549776e-05,
      1.2629488265248781e-05
    ],
    "6": [
      1.777915372258576e-05,
      8.464819805378058e-06,
      2.038448428720585e-05,
      1.1268860847412185e-05
    ],
    "7": [
      1.2272531648704899e-05,
      9.126072575233799e-06,
      2.0910858893330442e-05,
      1.37339144739344e-05
    ],
    "8": [
      1.2272531648704899e-05,
      9.126072575233799e-06,
      2.0910858893330442e-05,
      1.37339144739344e-05
    ],
    "9": [
      1.2272531648704899e-05,
      9.126072575233799e-06,
      2.0910858893330442e-05,
      1.37339144739344e-05
    ],
    "10": [
      1.2272531648704899e-05,
      9.126072575233799e-06,
      2.0910858893330442e-05,
      1.37339144739344e-05
    ],
    "11": [
      1.2272531648704899e-05,
      9.126072575233799e-06,
      2.0910858893330442e-05,
      1.37339144739344e-05
    ],
    "12": [
      1.2272531648704899e-05,
      9.126072575233799e-06,
      2.0910858893330442e-05,
      1.37339144739344e-05
    ],
    "13": [
      1.2272531648704899e-05,
      9.126072575233799e-06,
      2.0910858893330442e-05,
      1.37339144739344e-05
    ],
    "14": [
      1.2272531648704899e-05,
      9.126072575233799e-06,
      2.0910858893330442e-05,
      1.37339144739344e-05
    ]
  },
  "amplitudes": [
    [
      0.1553314458578825,
      0.14506368897855282
    ],
    [
      0.3779953718185425,
      0.4845505580306053
    ],
    [
      0.33677875995635986,
      0.4685349762439728
    ],
    [
      0.06930273841114065,
      0.056364048374721254
    ],
    [
      0.3242463218497158,
      0.3071557184637064
    ],
    [
      0.6,
      0.4591902571216192
    ],
    [
      0.3018548469567996,
      0.2869231825958123
    ],
    [
      0.25394275166873137,
      0.24968585341181276
    ],
    [
      0.03008978622233635,
      0.04874841643457581
    ],
    [
      0.5999999999999999,
      0.5550048152673801
    ],
    [
      0.19604533531705662,
      0.2212306744046578
    ],
    [
      0.08516567356481242,
      0.08581408339749545
    ],
    [
      0.056986471799908726,
      0.06702879811303547
    ],
    [
      0.5771240114780872,
      0.6
    ],
    [
      0.46051609441275854,
      0.6
    ],
    [
      0.015136079781500828,
      0.02303620854604361
    ],
    [
      0.00257462600766429,
      0.00436974599360135
    ],
    [
      0.05704499459324323,
      0.07931795944394397
    ],
    [
      0.00847273098770529,
      0.026638132985681295
    ],
    [
      0.30008701607584953,
      0.5500156804919243
    ],
    [
      0.019356318516656756,
      0.031601034570485353
    ],
    [
      0.011770532695741949,
      0.025803541121041988
    ],
    [
      0.07817639063524484,
      0.3068880091910058
    ],
    [
      0.015741613371086375,
      0.043259490483455745
    ],
    [
      0.4338696281157079,
      0.6
    ],
    [
      0.3345441175566421,
      0.6
    ],
    [
      0.05673008471009633,
      0.09618882466064202
    ],
    [
      0.002532414606226493,
      0.005441470854251425
    ]
  ],
  "signal_quality": [
    {
      "level": 3,
      "saturated": false,
      "xtalk": false
    },
    {
      "level": 3,
      "saturated": false,
      "xtalk": false
    },
    {
      "level": 3,
      "saturated": false,
      "xtalk": false
    },
    {
      "level": 3,
      "saturated": false,
      "xtalk": false
    },
    {
      "level": 3,
      "saturated": false,
      "xtalk": false
    },
    {
      "level": 3,
      "saturated": false,
      "xtalk": false
    },
    {
      "level": 3,
      "saturated": false,
      "xtalk": false
    },
    {
      "level": 3,
      "saturated": false,
      "xtalk": false
    },
    {
      "level": 3,
      "saturated": false,
      "xtalk": false
    },
    {
      "level": 3,
      "saturated": false,
      "xtalk": false
    },
    {
      "level": 3,
      "saturated": false,
      "xtalk": false
    },
    {
      "level": 3,
      "saturated": false,
      "xtalk": false
    },
    {
      "level": 3,
      "saturated": false,
      "xtalk": false
    },
    {
      "level": 3,
      "saturated": false,
      "xtalk": false
    },
    {
      "level": 3,
      "saturated": false,
      "xtalk": false
    },
    {
      "level": 3,
      "saturated": false,
      "xtalk": false
    },
    {
      "level": 2,
      "saturated": false,
      "xtalk": false
    },
    {
      "level": 3,
      "saturated": false,
      "xtalk": false
    },
    {
      "level": 3,
      "saturated": false,
      "xtalk": false
    },
    {
      "level": 3,
      "saturated": false,
      "xtalk": false
    },
    {
      "level": 3,
      "saturated": false,
      "xtalk": false
    },
    {
      "level": 3,
      "saturated": false,
      "xtalk": false
    },
    {
      "level": 3,
      "saturated": false,
      "xtalk": false
    },
    {
      "level": 3,
      "saturated": false,
      "xtalk": false
    },
    {
      "level": 3,
      "saturated": false,
      "xtalk": false
    },
    {
      "level": 3,
      "saturated": false,
      "xtalk": false
    },
    {
      "level": 3,
      "saturated": false,
      "xtalk": false
    },
    {
      "level": 2,
      "saturated": false,
      "xtalk": false
    }
  ],
  "coefficient_of_variation": [
    [
      0.6072798796523075,
      0.759907529476579
    ],
    [
      0.33846149557281346,
      0.46343065706626335
    ],
    [
      0.15474938654173326,
      0.1836517669830481
    ],
    [
      0.918135575148603,
      0.8138855930130167
    ],
    [
      0.6687347791210884,
      0.4566321163303445
    ],
    [
      0.35307564641771655,
      0.2381227633279984
    ],
    [
      0.16437507863508963,
      0.11024031110006653
    ],
    [
      0.49150688964903533,
      0.7415783230127502
    ],
    [
      0.3171853916308357,
      0.4640928277556243
    ],
    [
      0.1484119312563387,
      0.2099589277850222
    ],
    [
      0.36014693356224065,
      0.5874426952718672
    ],
    [
      0.3620602310793363,
      0.521695229396289
    ],
    [
      0.62249664645466,
      0.8439057309620378
    ],
    [
      0.17818458467687295,
      0.24601377123661516
    ],
    [
      0.1736381707929805,
      0.36797779743051523
    ],
    [
      0.34486626651317076,
      0.437385023811564
    ],
    [
      0.38613333008875383,
      0.5281022271961406
    ],
    [
      0.12187842066724182,
      0.19992986540040647
    ],
    [
      0.2774702613559174,
      0.46594341881909873
    ],
    [
      0.16257177941427842,
      0.2428261153752755
    ],
    [
      0.08093447229003682,
      0.09741596593280615
    ],
    [
      0.2761106175274017,
      0.4016554105205009
    ],
    [
      0.1346346259356203,
      0.15160679791984763
    ],
    [
      0.27461659052192655,
      0.45505009777478905
    ],
    [
      0.04334166738042089,
      0.14735248839387896
    ],
    [
      0.4705153924385241,
      0.5402173272103541
    ],
    [
      0.21469967075109794,
      0.16322899125765875
    ],
    [
      0.46038104204061964,
      0.298102377263714
    ]
  ]
}