Accuracy,Precision,Recall,AUC
0.42105263157894735,0.42105263157894735,0.42105263157894735,0.4277777777777778
0.47368421052631576,0.47368421052631576,0.47368421052631576,0.4833333333333333
