Accuracy,Precision,Recall,AUC
0.6842105263157895,0.6842105263157895,0.6842105263157895,0.4642857142857143
0.5263157894736842,0.5263157894736842,0.5263157894736842,0.48571428571428565
