Accuracy,Precision,Recall,AUC
0.4117647058823529,0.4117647058823529,0.4117647058823529,0.4571428571428572
0.4117647058823529,0.4117647058823529,0.4117647058823529,0.4357142857142857
