Accuracy,Precision,Recall,AUC
0.6470588235294118,0.6470588235294118,0.6470588235294118,0.6571428571428573
0.5294117647058824,0.5294117647058824,0.5294117647058824,0.5571428571428572
