Accuracy,Precision,Recall,AUC
0.6923076923076923,0.6923076923076923,0.6923076923076923,0.5
0.6923076923076923,0.6923076923076923,0.6923076923076923,0.5694444444444444
