Accuracy,Precision,Recall,AUC
0.7333333333333333,0.7333333333333333,0.7333333333333333,0.5833333333333335
0.6666666666666666,0.6666666666666666,0.6666666666666666,0.4166666666666667
