Accuracy,Precision,Recall,AUC
0.47368421052631576,0.47368421052631576,0.47368421052631576,0.4772727272727273
0.42105263157894735,0.42105263157894735,0.42105263157894735,0.4318181818181819
