Accuracy,Precision,Recall,AUC
0.7692307692307693,0.7692307692307693,0.7692307692307693,0.75
0.5384615384615384,0.5384615384615384,0.5384615384615384,0.5
