Accuracy,Precision,Recall,AUC
0.4444444444444444,0.4444444444444444,0.4444444444444444,0.3692307692307692
0.3333333333333333,0.3333333333333333,0.3333333333333333,0.29230769230769227
