Accuracy,Precision,Recall,AUC
0.5789473684210527,0.5789473684210527,0.5789473684210527,0.4571428571428572
0.631578947368421,0.631578947368421,0.631578947368421,0.6214285714285714
