Accuracy,Precision,Recall,AUC
0.6666666666666666,0.6666666666666666,0.6666666666666666,0.4
0.8333333333333334,0.8333333333333334,0.8333333333333334,0.5
