Accuracy,Precision,Recall,AUC
0.3684210526315789,0.3684210526315789,0.3684210526315789,0.35119047619047616
0.47368421052631576,0.47368421052631576,0.47368421052631576,0.375
