{
  "dark_noise": {
    "0": [
      1.7362913240503985e-05,
      1.0375943092661104e-05,
      2.939794057965628e-05,
      1.6018944529354335e-05
    ],
    "1": [
      2.4278826913359808e-05,
      1.4478017195639246e-05,
      2.5089605060202302e-05,
      1.383020421458742e-05
    ],
    "2": [
      2.1826449483342003e-05,
      1.2693336523767833e-05,
      2.637851139297709e-05,
      1.1534613798299847e-05
    ],
    "3": [
      2.3174450234364485e-05,
      1.4146679035937542e-05,
      4.486184934648918e-05,
      2.2337866819506198e-05
    ],
    "4": [
      2.249889121230808e-05,
      1.5058834417606794e-05,
      3.095439979006187e-05,
      1.141701571847021e-05
    ],
    "5": [
      2.8487786494224565e-05,
      1.247684315426092e-05,
      3.5378361644688994e-05,
      1.1021970962362114e-05
    ],
    "6": [
      2.994689793922589e-05,
      1.417496084502319e-05,
      2.158832785426057e-05,
      1.0993706043897151e-05
    ],
    "7": [
      1.5376116380139138e-05,
      9.34567797885574e-06,
      2.062204885078245e-05,
      1.2934007858448496e-05
    ],
    "8": [
      1.5376116380139138e-05,
      9.34567797885574e-06,
      2.062204885078245e-05,
      1.2934007858448496e-05
    ],
    "9": [
      1.5376116380139138e-05,
      9.34567797885574e-06,
      2.062204885078245e-05,
      1.2934007858448496e-05
    ],
    "10": [
      1.5376116380139138e-05,
      9.34567797885574e-06,
      2.062204885078245e-05,
      1.2934007858448496e-05
    ],
    "11": [
      1.5376116380139138e-05,
      9.34567797885574e-06,
      2.062204885078245e-05,
      1.2934007858448496e-05
    ],
    "12": [
      1.5376116380139138e-05,
      9.34567797885574e-06,
      2.062204885078245e-05,
      1.2934007858448496e-05
    ],
    "13": [
      1.5376116380139138e-05,
      9.34567797885574e-06,
      2.062204885078245e-05,
      1.2934007858448496e-05
    ],
    "14": [
      1.5376116380139138e-05,
      9.34567797885574e-06,
      2.062204885078245e-05,
      1.2934007858448496e-05
    ]
  },
  "amplitudes": [
    [
      0.3808880257212246,
      0.3316060685903829
    ],
    [
      0.322237519592967,
      0.2912513388969046
    ],
    [
      0.6,
      0.5458132634062293
    ],
    [
      0.053111040314588846,
      0.04895315924775885
    ],
    [
      0.11525639488202012,
      0.12969244559042853
    ],
    [
      0.6,
      0.45400670024121326
    ],
    [
      0.21558189934730979,
      0.22767452493013207
    ],
    [
      0.43915073067926735,
      0.3311636996036318
    ],
    [
      0.13210279349195556,
      0.12063523792356429
    ],
    [
      0.6,
      0.48455990226262796
    ],
    [
      0.23335397274739067,
      0.21973969398628543
    ],
    [
      0.11629451395688457,
      0.1314014208912223
    ],
    [
      0.01996878992376549,
      0.023031394137437475
    ],
    [
      0.5783788133268265,
      0.6
    ],
    [
      0.43122884567493014,
      0.6
    ],
    [
      0.010814458508119493,
      0.028578566936807444
    ],
    [
      0.0061830503668752765,
      0.00893974337653906
    ],
    [
      0.0022135700730496854,
      0.005106084536629789
    ],
    [
      0.023388670251114258,
      0.08378417251034659
    ],
    [
      0.5161004476970823,
      0.6
    ],
    [
      0.002367951480214802,
      0.004059898491622625
    ],
    [
      0.0050315557746216655,
      0.012090401723980904
    ],
    [
      0.13753010891377926,
      0.42262986302375793
    ],
    [
      0.06455716211348772,
      0.15609387308359146
    ],
    [
      0.0544288894161582,
      0.11434677056968212
    ],
    [
      0.5430772440774452,
      0.6
    ],
    [
      0.2852588497425351,
      0.4308427431915217
    ],
    [
      0.0672404287589242,
      0.09552891124677601
    ]
  ],
  "signal_quality": [
    {
      "level": 3,
      "saturated": false,
      "xtalk": false
    },
    {
      "level": 3,
      "saturated": false,
      "xtalk": false
    },
    {
      "level": 3,
      "saturated": false,
      "xtalk": false
    },
    {
      "level": 3,
      "saturated": false,
      "xtalk": false
    },
    {
      "level": 3,
      "saturated": false,
      "xtalk": false
    },
    {
      "level": 3,
      "saturated": false,
      "xtalk": false
    },
    {
      "level": 3,
      "saturated": false,
      "xtalk": false
    },
    {
      "level": 3,
      "saturated": false,
      "xtalk": false
    },
    {
      "level": 3,
      "saturated": false,
      "xtalk": false
    },
    {
      "level": 3,
      "saturated": false,
      "xtalk": false
    },
    {
      "level": 3,
      "saturated": false,
      "xtalk": false
    },
    {
      "level": 3,
      "saturated": false,
      "xtalk": false
    },
    {
      "level": 3,
      "saturated": false,
      "xtalk": false
    },
    {
      "level": 3,
      "saturated": false,
      "xtalk": false
    },
    {
      "level": 3,
      "saturated": false,
      "xtalk": false
    },
    {
      "level": 3,
      "saturated": false,
      "xtalk": false
    },
    {
      "level": 3,
      "saturated": false,
      "xtalk": false
    },
    {
      "level": 2,
      "saturated": false,
      "xtalk": false
    },
    {
      "level": 3,
      "saturated": false,
      "xtalk": false
    },
    {
      "level": 3,
      "saturated": false,
      "xtalk": false
    },
    {
      "level": 2,
      "saturated": false,
      "xtalk": false
    },
    {
      "level": 3,
      "saturated": false,
      "xtalk": false
    },
    {
      "level": 3,
      "saturated": false,
      "xtalk": false
    },
    {
      "level": 3,
      "saturated": false,
      "xtalk": false
    },
    {
      "level": 3,
      "saturated": false,
      "xtalk": false
    },
    {
      "level": 3,
      "saturated": false,
      "xtalk": false
    },
    {
      "level": 3,
      "saturated": false,
      "xtalk": false
    },
    {
      "level": 3,
      "saturated": false,
      "xtalk": false
    }
  ],
  "coefficient_of_variation": [
    [
      0.8469264471210707,
      1.0314321721445432
    ],
    [
      1.211604182798051,
      1.549062171472117
    ],
    [
      0.4221099847913138,
      0.5697051185418803
    ],
    [
      1.2874365796749065,
      1.0019405915035997
    ],
    [
      1.1264302245878475,
      0.8680162198539983
    ],
    [
      0.7298128945212176,
      0.5118749697337961
    ],
    [
      0.4106423244473918,
      0.29862031013375656
    ],
    [
      1.2983613807045071,
      1.7463866717639716
    ],
    [
      1.1471113394289878,
      1.593927579847367
    ],
    [
      0.7967334630302845,
      1.112624911804441
    ],
    [
      1.150039495832547,
      1.3590807634189348
    ],
    [
      0.6832954254628105,
      0.7516986376153878
    ],
    [
      1.0429489773056557,
      1.4188745965322342
    ],
    [
      0.23962604879908134,
      0.27910175535215176
    ],
    [
      0.5291603741631044,
      0.5930552862687957
    ],
    [
      0.405833412377068,
      0.6114060732332552
    ],
    [
      0.689542817952456,
      0.7495791080023478
    ],
    [
      0.4141156055228537,
      0.2774841713393541
    ],
    [
      0.5133766651720312,
      0.6689051751356753
    ],
    [
      0.35032909526411043,
      0.3865666154989659
    ],
    [
      0.4124748158323077,
      0.32753919576889673
    ],
    [
      0.4575836697115269,
      0.7131356215023479
    ],
    [
      0.33210462726143536,
      0.42736779933391894
    ],
    [
      0.4839927816953366,
      0.6948861365611272
    ],
    [
      0.1877363419639203,
      0.15146474798333556
    ],
    [
      0.9268456632149772,
      1.2132254999281946
    ],
    [
      0.7344154410943202,
      0.936165440880212
    ],
    [
      0.41101775848149297,
      0.47217896656336633
    ]
  ]
}