{
  "dark_noise": {
    "0": [
      0.0017050538735929877,
      0.0012226365364955388,
      0.0013463842333294451,
      0.0008811255576999097
    ],
    "1": [
      0.0012072568642906845,
      0.0007802862547795175,
      0.000946854124777019,
      0.0005572041168347037
    ],
    "2": [
      0.00019279259504401125,
      0.0001612962014104473,
      0.00012566025361593347,
      0.00011583895376706217
    ],
    "3": [
      5.952801075181924e-05,
      4.1015782599617414e-05,
      4.72224337499938e-05,
      3.162710313753577e-05
    ],
    "4": [
      3.256757509007002e-05,
      2.045062064482761e-05,
      3.092128508797032e-05,
      1.447492271868541e-05
    ],
    "5": [
      2.2945389446249465e-05,
      1.3514345543244256e-05,
      1.8687646843318362e-05,
      1.3638776165501403e-05
    ],
    "6": [
      5.774245892098406e-05,
      2.4382655132803707e-05,
      3.5887869671569206e-05,
      1.6758972392404073e-05
    ],
    "7": [
      2.1505964014068013e-05,
      7.840683358601962e-06,
      1.8797632037603762e-05,
      1.3024488759026045e-05
    ],
    "8": [
      2.1505964014068013e-05,
      7.840683358601962e-06,
      1.8797632037603762e-05,
      1.3024488759026045e-05
    ],
    "9": [
      2.1505964014068013e-05,
      7.840683358601962e-06,
      1.8797632037603762e-05,
      1.3024488759026045e-05
    ],
    "10": [
      2.1505964014068013e-05,
      7.840683358601962e-06,
      1.8797632037603762e-05,
      1.3024488759026045e-05
    ],
    "11": [
      2.1505964014068013e-05,
      7.840683358601962e-06,
      1.8797632037603762e-05,
      1.3024488759026045e-05
    ],
    "12": [
      2.1505964014068013e-05,
      7.840683358601962e-06,
      1.8797632037603762e-05,
      1.3024488759026045e-05
    ],
    "13": [
      2.1505964014068013e-05,
      7.840683358601962e-06,
      1.8797632037603762e-05,
      1.3024488759026045e-05
    ],
    "14": [
      2.1505964014068013e-05,
      7.840683358601962e-06,
      1.8797632037603762e-05,
      1.3024488759026045e-05
    ]
  },
  "amplitudes": [
    [
      0.16644049189541124,
      0.18993487349365945
    ],
    [
      0.5404903372457153,
      0.6
    ],
    [
      0.2547552517726516,
      0.23441133638705766
    ],
    [
      0.12491319786087746,
      0.09878062501821142
    ],
    [
      0.6,
      0.5928096691222515
    ],
    [
      0.4777118470036835,
      0.38445801203143803
    ],
    [
      0.46784192789064105,
      0.45133892569330925
    ],
    [
      0.5612014292053725,
      0.6000000000000001
    ],
    [
      0.047296088495498094,
      0.04823841735879701
    ],
    [
      0.156760068016156,
      0.1327321012677471
    ],
    [
      0.06599151512785355,
      0.10879498154563315
    ],
    [
      0.044482954395895544,
      0.09078597929089566
    ],
    [
      0.04207407885523796,
      0.08027127207440657
    ],
    [
      0.37117444131188976,
      0.6
    ],
    [
      0.4930068634061964,
      0.6
    ],
    [
      0.01669298626162318,
      0.0261368613640365
    ],
    [
      0.019914356544239092,
      0.023710216797302695
    ],
    [
      0.05537447830421405,
      0.07089998485665547
    ],
    [
      0.002384863910265267,
      0.005172395030967891
    ],
    [
      0.5033225193619728,
      0.4382694140076637
    ],
    [
      0.020045016426593065,
      0.02626350848004222
    ],
    [
      0.005635948618873954,
      0.013786760391667485
    ],
    [
      0.4323774203658104,
      1.2161784619092941
    ],
    [
      0.20698409527540207,
      0.416782945394516
    ],
    [
      0.23253312334418297,
      0.3676419332623482
    ],
    [
      0.4940390246404158,
      0.5999999999999999
    ],
    [
      0.10690699096715088,
      0.14995508117867706
    ],
    [
      0.10021596161207261,
      0.09705346538165488
    ]
  ],
  "signal_quality": [
    {
      "level": 3,
      "saturated": false,
      "xtalk": false
    },
    {
      "level": 3,
      "saturated": false,
      "xtalk": false
    },
    {
      "level": 3,
      "saturated": false,
      "xtalk": false
    },
    {
      "level": 3,
      "saturated": false,
      "xtalk": false
    },
    {
      "level": 3,
      "saturated": false,
      "xtalk": false
    },
    {
      "level": 3,
      "saturated": false,
      "xtalk": false
    },
    {
      "level": 3,
      "saturated": false,
      "xtalk": false
    },
    {
      "level": 3,
      "saturated": false,
      "xtalk": false
    },
    {
      "level": 3,
      "saturated": false,
      "xtalk": false
    },
    {
      "level": 3,
      "saturated": false,
      "xtalk": false
    },
    {
      "level": 3,
      "saturated": false,
      "xtalk": false
    },
    {
      "level": 3,
      "saturated": false,
      "xtalk": false
    },
    {
      "level": 3,
      "saturated": false,
      "xtalk": false
    },
    {
      "level": 3,
      "saturated": false,
      "xtalk": false
    },
    {
      "level": 3,
      "saturated": false,
      "xtalk": false
    },
    {
      "level": 3,
      "saturated": false,
      "xtalk": false
    },
    {
      "level": 3,
      "saturated": false,
      "xtalk": false
    },
    {
      "level": 3,
      "saturated": false,
      "xtalk": false
    },
    {
      "level": 2,
      "saturated": false,
      "xtalk": false
    },
    {
      "level": 3,
      "saturated": false,
      "xtalk": false
    },
    {
      "level": 3,
      "saturated": false,
      "xtalk": false
    },
    {
      "level": 3,
      "saturated": false,
      "xtalk": false
    },
    {
      "level": 3,
      "saturated": false,
      "xtalk": false
    },
    {
      "level": 3,
      "saturated": false,
      "xtalk": false
    },
    {
      "level": 3,
      "saturated": false,
      "xtalk": false
    },
    {
      "level": 3,
      "saturated": false,
      "xtalk": false
    },
    {
      "level": 3,
      "saturated": false,
      "xtalk": false
    },
    {
      "level": 3,
      "saturated": false,
      "xtalk": false
    }
  ],
  "coefficient_of_variation": [
    [
      0.8761714500434985,
      0.596896572184757
    ],
    [
      0.40838694807994413,
      0.6078530826476424
    ],
    [
      0.2665349247386885,
      0.36900847250040497
    ],
    [
      1.259932242040156,
      1.1748362463291526
    ],
    [
      0.45561553883850575,
      0.322368424434157
    ],
    [
      0.9400190332677678,
      0.7094833621095216
    ],
    [
      0.2708838473780694,
      0.22432295425109902
    ],
    [
      0.3801636692704388,
      0.48688667450949985
    ],
    [
      0.3444559012724277,
      0.5179500862300758
    ],
    [
      0.28989347482889144,
      0.386236506833706
    ],
    [
      1.7817454398256265,
      0.8032545043275918
    ],
    [
      0.36269585837104046,
      0.3231586896145028
    ],
    [
      0.31475180389982504,
      0.4771518804132232
    ],
    [
      0.06604749327482111,
      0.116790620459514
    ],
    [
      0.17091070420410182,
      0.21298284779059345
    ],
    [
      0.8630183690923859,
      0.6261925980384112
    ],
    [
      0.3511700494382565,
      0.502679747642917
    ],
    [
      0.12079560499666317,
      0.14602890612233202
    ],
    [
      0.7314151398547712,
      0.7541752106421961
    ],
    [
      0.2100402046367661,
      0.3107236629500585
    ],
    [
      0.15371227192370004,
      0.17503183548660947
    ],
    [
      3.265019700672718,
      0.9859122286589893
    ],
    [
      0.07148846794835792,
      0.1699685372113552
    ],
    [
      0.265083473706802,
      0.4149830065045611
    ],
    [
      0.06328413766735294,
      0.10495577036892992
    ],
    [
      0.24762706200770598,
      0.37451344164229167
    ],
    [
      0.20550462527176977,
      0.333497143879901
    ],
    [
      0.17703656829846273,
      0.2220417532502866
    ]
  ]
}