TE0,TE1,TL0,TL1,TimeSyncsReceived,EmotiBitStartTime, EmotiBitEndTime, DataParserVersion
1984140.000000,4135581.000000,1658842394.658271,1658844600.328378,717,1.28757e+06,4.96249e+06,1.5.10