{
  "dark_noise": {
    "0": [
      2.414609753031982e-05,
      1.3230195461469286e-05,
      3.527444278006442e-05,
      1.270749079428504e-05
    ],
    "1": [
      2.6904335754807107e-05,
      1.7932523969799956e-05,
      3.2806435683596646e-05,
      1.8513307717739182e-05
    ],
    "2": [
      3.334629809614853e-05,
      2.122408180360343e-05,
      4.832164904655656e-05,
      2.5718880425268426e-05
    ],
    "3": [
      4.498680937103927e-05,
      2.6103955921567062e-05,
      3.869767624564702e-05,
      2.0937014044627155e-05
    ],
    "4": [
      3.398675971766352e-05,
      1.5736512774694555e-05,
      3.761622110687313e-05,
      1.587655542613723e-05
    ],
    "5": [
      3.184815113854711e-05,
      1.4446538914404349e-05,
      3.706170673467568e-05,
      1.4723607269063099e-05
    ],
    "6": [
      4.6081604523351416e-05,
      1.972367070459275e-05,
      4.69494216304156e-05,
      2.1297888576619155e-05
    ],
    "7": [
      1.1564990245460649e-05,
      8.859322224989066e-06,
      1.4800234566791914e-05,
      1.1752358704705326e-05
    ],
    "8": [
      1.1564990245460649e-05,
      8.859322224989066e-06,
      1.4800234566791914e-05,
      1.1752358704705326e-05
    ],
    "9": [
      1.1564990245460649e-05,
      8.859322224989066e-06,
      1.4800234566791914e-05,
      1.1752358704705326e-05
    ],
    "10": [
      1.1564990245460649e-05,
      8.859322224989066e-06,
      1.4800234566791914e-05,
      1.1752358704705326e-05
    ],
    "11": [
      1.1564990245460649e-05,
      8.859322224989066e-06,
      1.4800234566791914e-05,
      1.1752358704705326e-05
    ],
    "12": [
      1.1564990245460649e-05,
      8.859322224989066e-06,
      1.4800234566791914e-05,
      1.1752358704705326e-05
    ],
    "13": [
      1.1564990245460649e-05,
      8.859322224989066e-06,
      1.4800234566791914e-05,
      1.1752358704705326e-05
    ],
    "14": [
      1.1564990245460649e-05,
      8.859322224989066e-06,
      1.4800234566791914e-05,
      1.1752358704705326e-05
    ]
  },
  "amplitudes": [
    [
      0.12290866075362478,
      0.13439059565540795
    ],
    [
      0.46339200812391634,
      0.6000000000000001
    ],
    [
      0.2507940642109929,
      0.23156553871212737
    ],
    [
      0.052232048474252224,
      0.0419458094984293
    ],
    [
      0.20469704642891884,
      0.19339220598340034
    ],
    [
      0.5816126987338066,
      0.46266719698905945
    ],
    [
      0.054175443947315216,
      0.05334149580448866
    ],
    [
      0.5451589042631084,
      0.5857484884975377
    ],
    [
      0.42288078939857415,
      0.49750351889647104
    ],
    [
      0.6,
      0.49880399790146723
    ],
    [
      0.3943448400848767,
      0.4860874736444224
    ],
    [
      0.6,
      0.5124043074876103
    ],
    [
      0.07865581655096185,
      0.12025602760463697
    ],
    [
      0.370059128428632,
      0.34901348135599786
    ],
    [
      0.5174197750654114,
      0.6
    ],
    [
      0.12165433307496365,
      0.1667723418877358
    ],
    [
      0.035702828082072105,
      0.04834297193383354
    ],
    [
      0.051792556624047276,
      0.06437724178351956
    ],
    [
      0.16066832467913628,
      0.2399556152522564
    ],
    [
      0.49420591443777084,
      0.46841923147439957
    ],
    [
      0.029502545949071646,
      0.051045771688222885
    ],
    [
      0.13825730420649052,
      0.17679305747151375
    ],
    [
      0.18765682354569435,
      0.36397840827703476
    ],
    [
      0.16849765554070473,
      0.2418007142841816
    ],
    [
      0.38275767117738724,
      0.4839588329195976
    ],
    [
      0.4031433732218387,
      0.5589885788172718
    ],
    [
      0.47491372100053236,
      0.6
    ],
    [
      0.2694528374977503,
      0.282055076398437
    ]
  ],
  "signal_quality": [
    {
      "level": 3,
      "saturated": false,
      "xtalk": false
    },
    {
      "level": 3,
      "saturated": false,
      "xtalk": false
    },
    {
      "level": 3,
      "saturated": false,
      "xtalk": false
    },
    {
      "level": 3,
      "saturated": false,
      "xtalk": false
    },
    {
      "level": 3,
      "saturated": false,
      "xtalk": false
    },
    {
      "level": 3,
      "saturated": false,
      "xtalk": false
    },
    {
      "level": 3,
      "saturated": false,
      "xtalk": false
    },
    {
      "level": 3,
      "saturated": false,
      "xtalk": false
    },
    {
      "level": 3,
      "saturated": false,
      "xtalk": false
    },
    {
      "level": 3,
      "saturated": false,
      "xtalk": false
    },
    {
      "level": 3,
      "saturated": false,
      "xtalk": false
    },
    {
      "level": 3,
      "saturated": false,
      "xtalk": false
    },
    {
      "level": 3,
      "saturated": false,
      "xtalk": false
    },
    {
      "level": 3,
      "saturated": false,
      "xtalk": false
    },
    {
      "level": 3,
      "saturated": false,
      "xtalk": false
    },
    {
      "level": 3,
      "saturated": false,
      "xtalk": false
    },
    {
      "level": 3,
      "saturated": false,
      "xtalk": false
    },
    {
      "level": 3,
      "saturated": false,
      "xtalk": false
    },
    {
      "level": 3,
      "saturated": false,
      "xtalk": false
    },
    {
      "level": 3,
      "saturated": false,
      "xtalk": false
    },
    {
      "level": 3,
      "saturated": false,
      "xtalk": false
    },
    {
      "level": 3,
      "saturated": false,
      "xtalk": false
    },
    {
      "level": 3,
      "saturated": false,
      "xtalk": false
    },
    {
      "level": 3,
      "saturated": false,
      "xtalk": false
    },
    {
      "level": 3,
      "saturated": false,
      "xtalk": false
    },
    {
      "level": 3,
      "saturated": false,
      "xtalk": false
    },
    {
      "level": 3,
      "saturated": false,
      "xtalk": false
    },
    {
      "level": 3,
      "saturated": false,
      "xtalk": false
    }
  ],
  "coefficient_of_variation": [
    [
      1.0005589959087198,
      1.272763970446469
    ],
    [
      0.3993797593038685,
      0.595382110239042
    ],
    [
      0.431604437833359,
      0.5585709491901208
    ],
    [
      0.717936677979662,
      0.4941376628962749
    ],
    [
      0.8860852963392595,
      0.608543620335209
    ],
    [
      0.6693180046922104,
      0.38319049987815773
    ],
    [
      0.47686416642631546,
      0.3375866146803954
    ],
    [
      0.7882327938971737,
      1.1935862351028488
    ],
    [
      0.4018482954276546,
      0.6298435779460468
    ],
    [
      0.32260275872159866,
      0.4676748706439355
    ],
    [
      1.120367941787637,
      1.2495469851654946
    ],
    [
      0.3741135316464084,
      0.5815679998771532
    ],
    [
      0.4794265176032452,
      0.7000530358221015
    ],
    [
      0.3882551103544626,
      0.42521360039318834
    ],
    [
      0.8138006669232222,
      1.264551945716091
    ],
    [
      0.2437303896380782,
      0.35394558446796676
    ],
    [
      0.5924226708724959,
      0.8829949451504401
    ],
    [
      0.5370546947225785,
      0.6195259679257318
    ],
    [
      0.2963784850251592,
      0.4127169163753928
    ],
    [
      0.2781737865129999,
      0.43708776531860516
    ],
    [
      0.3730982391822252,
      0.45316711442984986
    ],
    [
      0.4222143817497111,
      0.620737667597201
    ],
    [
      0.31987789907399833,
      0.3119466975246915
    ],
    [
      0.27463140508676376,
      0.41643217380331715
    ],
    [
      0.285957634821662,
      0.3493937574861987
    ],
    [
      0.5366001671271642,
      0.6455216209539404
    ],
    [
      0.8921010652629994,
      0.695813868524523
    ],
    [
      0.46464151979540513,
      0.5054454735267351
    ]
  ]
}