{
  "dark_noise": {
    "0": [
      3.0818644063401734e-05,
      1.6777388766375743e-05,
      3.473621973171248e-05,
      1.7816187453949963e-05
    ],
    "1": [
      6.078962996980408e-05,
      3.2370868878884074e-05,
      6.144813596620224e-05,
      2.993645782484519e-05
    ],
    "2": [
      3.5930925150751136e-05,
      1.3491759762542025e-05,
      2.9542395623138873e-05,
      1.6372525054185824e-05
    ],
    "3": [
      2.311583330083522e-05,
      1.5261274374613685e-05,
      1.8735353251031484e-05,
      1.2159982081420598e-05
    ],
    "4": [
      3.121416057183524e-05,
      1.3649777858455464e-05,
      2.5866092983051203e-05,
      1.1118583836239929e-05
    ],
    "5": [
      2.0410268462001113e-05,
      1.2034098387559659e-05,
      3.101418769801967e-05,
      1.5358826396664e-05
    ],
    "6": [
      1.4310556935015484e-05,
      6.5974842524802185e-06,
      2.0564095848385477e-05,
      1.1208728504073101e-05
    ],
    "7": [
      1.435731405763363e-05,
      6.09866381604508e-06,
      1.7846559785539284e-05,
      8.361781463971572e-06
    ],
    "8": [
      1.435731405763363e-05,
      6.09866381604508e-06,
      1.7846559785539284e-05,
      8.361781463971572e-06
    ],
    "9": [
      1.435731405763363e-05,
      6.09866381604508e-06,
      1.7846559785539284e-05,
      8.361781463971572e-06
    ],
    "10": [
      1.435731405763363e-05,
      6.09866381604508e-06,
      1.7846559785539284e-05,
      8.361781463971572e-06
    ],
    "11": [
      1.435731405763363e-05,
      6.09866381604508e-06,
      1.7846559785539284e-05,
      8.361781463971572e-06
    ],
    "12": [
      1.435731405763363e-05,
      6.09866381604508e-06,
      1.7846559785539284e-05,
      8.361781463971572e-06
    ],
    "13": [
      1.435731405763363e-05,
      6.09866381604508e-06,
      1.7846559785539284e-05,
      8.361781463971572e-06
    ],
    "14": [
      1.435731405763363e-05,
      6.09866381604508e-06,
      1.7846559785539284e-05,
      8.361781463971572e-06
    ]
  },
  "amplitudes": [
    [
      0.5119186826932588,
      0.6000000000000001
    ],
    [
      0.12806961436559883,
      0.23317183520769527
    ],
    [
      0.21616397075133525,
      0.2603368544388931
    ],
    [
      0.24021237509754728,
      0.19361579338673987
    ],
    [
      0.33548512432079536,
      0.29136855120445204
    ],
    [
      0.6,
      0.4010848910358049
    ],
    [
      0.1224209232193251,
      0.11185383369670882
    ],
    [
      0.4675537931549374,
      0.6
    ],
    [
      0.0001555102665587346,
      0.0004795602832133687
    ],
    [
      0.14682474199387838,
      0.15396141221864007
    ],
    [
      0.3404691086250643,
      0.6
    ],
    [
      0.09750889685423508,
      0.19070497619563218
    ],
    [
      0.011705360757677377,
      0.036227708506738225
    ],
    [
      0.007076425699717838,
      0.021512064424809265
    ],
    [
      0.3794485330581665,
      0.5148521438241005
    ],
    [
      0.03184528090059757,
      0.06454094778746367
    ],
    [
      4.271967100066831e-05,
      0.00013346430932870135
    ],
    [
      0.00584666442591697,
      0.012932171812281013
    ],
    [
      0.18721790774559122,
      0.6
    ],
    [
      4.130714605666043e-05,
      0.00010493423510694526
    ],
    [
      0.0053311246442514885,
      0.011080546932011152
    ],
    [
      0.031801187755963016,
      0.07884012340203354
    ],
    [
      0.16266318963322174,
      0.5027919748851998
    ],
    [
      0.24645631665256487,
      0.6
    ],
    [
      0.16680345198532998,
      0.3076158357730736
    ],
    [
      0.17807834644907816,
      0.48080834720744503
    ],
    [
      0.23003156835045613,
      0.6
    ],
    [
      0.0077966909926893944,
      0.02247588792612672
    ]
  ],
  "signal_quality": [
    {
      "level": 3,
      "saturated": false,
      "xtalk": false
    },
    {
      "level": 3,
      "saturated": false,
      "xtalk": false
    },
    {
      "level": 3,
      "saturated": false,
      "xtalk": false
    },
    {
      "level": 3,
      "saturated": false,
      "xtalk": false
    },
    {
      "level": 3,
      "saturated": false,
      "xtalk": false
    },
    {
      "level": 3,
      "saturated": false,
      "xtalk": false
    },
    {
      "level": 3,
      "saturated": false,
      "xtalk": false
    },
    {
      "level": 3,
      "saturated": false,
      "xtalk": false
    },
    {
      "level": 1,
      "saturated": false,
      "xtalk": false
    },
    {
      "level": 3,
      "saturated": false,
      "xtalk": false
    },
    {
      "level": 3,
      "saturated": false,
      "xtalk": false
    },
    {
      "level": 3,
      "saturated": false,
      "xtalk": false
    },
    {
      "level": 3,
      "saturated": false,
      "xtalk": false
    },
    {
      "level": 3,
      "saturated": false,
      "xtalk": false
    },
    {
      "level": 3,
      "saturated": false,
      "xtalk": false
    },
    {
      "level": 3,
      "saturated": false,
      "xtalk": false
    },
    {
      "level": 1,
      "saturated": false,
      "xtalk": false
    },
    {
      "level": 3,
      "saturated": false,
      "xtalk": false
    },
    {
      "level": 3,
      "saturated": false,
      "xtalk": false
    },
    {
      "level": 1,
      "saturated": false,
      "xtalk": false
    },
    {
      "level": 3,
      "saturated": false,
      "xtalk": false
    },
    {
      "level": 3,
      "saturated": false,
      "xtalk": false
    },
    {
      "level": 3,
      "saturated": false,
      "xtalk": false
    },
    {
      "level": 3,
      "saturated": false,
      "xtalk": false
    },
    {
      "level": 3,
      "saturated": false,
      "xtalk": false
    },
    {
      "level": 3,
      "saturated": false,
      "xtalk": false
    },
    {
      "level": 3,
      "saturated": false,
      "xtalk": false
    },
    {
      "level": 3,
      "saturated": false,
      "xtalk": false
    }
  ],
  "coefficient_of_variation": [
    [
      0.23001736527082206,
      0.36747505202680447
    ],
    [
      0.1667306369573425,
      0.2413209893251986
    ],
    [
      0.05190409672781267,
      0.07636858620907609
    ],
    [
      0.6767864613069611,
      0.5224773751977753
    ],
    [
      0.6888508089273608,
      0.4528423260005634
    ],
    [
      0.6327704317621288,
      0.3779436246664527
    ],
    [
      0.4404273412463463,
      0.2749807315548148
    ],
    [
      0.26018211351532194,
      0.41273680706233995
    ],
    [
      6.135876150206107,
      2.5187950113162407
    ],
    [
      0.07863105712840184,
      0.08059755780789178
    ],
    [
      0.1525352910201155,
      0.24906988349538287
    ],
    [
      0.2725969827879412,
      0.3921999917488383
    ],
    [
      0.22948568724224963,
      0.3214759252452333
    ],
    [
      0.16736510946145208,
      0.12318367949068683
    ],
    [
      0.2361746681413194,
      0.3606763153126755
    ],
    [
      0.25971085427715945,
      0.4145507769196446
    ],
    [
      30.12517750707255,
      10.3853373752599
    ],
    [
      0.17654797558570529,
      0.1444778034751561
    ],
    [
      0.5988231020753051,
      0.5352821834278031
    ],
    [
      26.988004892117775,
      13.52687774368183
    ],
    [
      0.755065673980322,
      0.8134060664961732
    ],
    [
      0.48151658243317935,
      0.6394243813663347
    ],
    [
      0.22269264154228757,
      0.35341820210064007
    ],
    [
      0.14362808229060847,
      0.25525412973199735
    ],
    [
      0.17607397343544925,
      0.2544751838412292
    ],
    [
      0.15662026004821578,
      0.20727485359211742
    ],
    [
      0.16329835404311022,
      0.2414509524650959
    ],
    [
      0.12671698519577623,
      0.17087980949013534
    ]
  ]
}