{
  "dark_noise": {
    "0": [
      0.00033550040825502947,
      0.0003661614182577501,
      0.00023767548555042595,
      0.00028984525222979077
    ],
    "1": [
      0.00031996798497857526,
      0.00014918431177055557,
      0.00023822110961191356,
      0.00011382895555649769
    ],
    "2": [
      2.018706936723902e-05,
      1.9117770988074944e-05,
      2.502205916243838e-05,
      1.3720711117572761e-05
    ],
    "3": [
      1.533673071207886e-05,
      7.483161891888155e-06,
      2.2055971840018174e-05,
      9.087036038785787e-06
    ],
    "4": [
      2.2384813291864702e-05,
      1.1275122362251899e-05,
      2.31814851758827e-05,
      1.3982567046251948e-05
    ],
    "5": [
      1.2794461099474574e-05,
      8.475337415990008e-06,
      2.314337052666815e-05,
      1.5017235536904038e-05
    ],
    "6": [
      1.807908574846806e-05,
      9.05240211354616e-06,
      2.327908759980346e-05,
      1.2874482837438094e-05
    ],
    "7": [
      2.469430910423398e-05,
      7.354856793965494e-06,
      1.9996764422103297e-05,
      8.968213973544562e-06
    ],
    "8": [
      2.469430910423398e-05,
      7.354856793965494e-06,
      1.9996764422103297e-05,
      8.968213973544562e-06
    ],
    "9": [
      2.469430910423398e-05,
      7.354856793965494e-06,
      1.9996764422103297e-05,
      8.968213973544562e-06
    ],
    "10": [
      2.469430910423398e-05,
      7.354856793965494e-06,
      1.9996764422103297e-05,
      8.968213973544562e-06
    ],
    "11": [
      2.469430910423398e-05,
      7.354856793965494e-06,
      1.9996764422103297e-05,
      8.968213973544562e-06
    ],
    "12": [
      2.469430910423398e-05,
      7.354856793965494e-06,
      1.9996764422103297e-05,
      8.968213973544562e-06
    ],
    "13": [
      2.469430910423398e-05,
      7.354856793965494e-06,
      1.9996764422103297e-05,
      8.968213973544562e-06
    ],
    "14": [
      2.469430910423398e-05,
      7.354856793965494e-06,
      1.9996764422103297e-05,
      8.968213973544562e-06
    ]
  },
  "amplitudes": [
    [
      0.5025458803589556,
      0.6
    ],
    [
      0.02704857077594377,
      0.05014828724864135
    ],
    [
      0.1191111704255133,
      0.1411078125161448
    ],
    [
      0.1335319969803095,
      0.10495893657207489
    ],
    [
      0.5333945155143738,
      0.50184715539217
    ],
    [
      0.2942013554275036,
      0.204334557056427
    ],
    [
      0.09711865335702896,
      0.09387020952999592
    ],
    [
      0.4626747593283653,
      0.5714666470885277
    ],
    [
      0.0007535015902249143,
      0.001662658032728359
    ],
    [
      0.0010209184983978048,
      0.0022222643019631505
    ],
    [
      0.0005054687790106982,
      0.00030129534934530966
    ],
    [
      0.062249056063592434,
      0.09164776653051376
    ],
    [
      1.4783522601646837e-05,
      2.4575138013460673e-05
    ],
    [
      2.0607760689017596e-05,
      1.6185696267712046e-05
    ],
    [
      0.009088308434002101,
      0.01631125691346824
    ],
    [
      0.004859056498389691,
      0.006739915697835386
    ],
    [
      0.26766324415802956,
      0.42634177953004837
    ],
    [
      1.7980195252675912e-05,
      1.9580800199037185e-05
    ],
    [
      8.264659300039057e-05,
      0.00016311656509060413
    ],
    [
      0.2363763004541397,
      0.29707858338952065
    ],
    [
      2.2245167201617733e-05,
      2.091475153065403e-05
    ],
    [
      1.7225614783455967e-05,
      2.7361400043446338e-05
    ],
    [
      0.002666476066224277,
      0.0068979611387476325
    ],
    [
      0.007173234480433166,
      0.012634351151064038
    ],
    [
      0.07647093385457993,
      0.1623772829771042
    ],
    [
      0.04025849048048258,
      0.07630826905369759
    ],
    [
      0.07008734624832869,
      0.1093281339854002
    ],
    [
      1.8824772496373043e-05,
      2.6923341920337407e-05
    ],
    [
      1.5229197742883116e-05,
      1.681589196778077e-05
    ],
    [
      0.0002534304258006159,
      0.0003317851951578632
    ]
  ],
  "signal_quality": [
    {
      "level": 3,
      "saturated": false,
      "xtalk": false
    },
    {
      "level": 3,
      "saturated": false,
      "xtalk": false
    },
    {
      "level": 3,
      "saturated": false,
      "xtalk": false
    },
    {
      "level": 3,
      "saturated": false,
      "xtalk": false
    },
    {
      "level": 3,
      "saturated": false,
      "xtalk": false
    },
    {
      "level": 3,
      "saturated": false,
      "xtalk": false
    },
    {
      "level": 3,
      "saturated": false,
      "xtalk": false
    },
    {
      "level": 3,
      "saturated": false,
      "xtalk": false
    },
    {
      "level": 2,
      "saturated": false,
      "xtalk": false
    },
    {
      "level": 2,
      "saturated": false,
      "xtalk": false
    },
    {
      "level": 1,
      "saturated": false,
      "xtalk": false
    },
    {
      "level": 3,
      "saturated": false,
      "xtalk": false
    },
    {
      "level": 1,
      "saturated": false,
      "xtalk": false
    },
    {
      "level": 1,
      "saturated": false,
      "xtalk": false
    },
    {
      "level": 3,
      "saturated": false,
      "xtalk": false
    },
    {
      "level": 3,
      "saturated": false,
      "xtalk": false
    },
    {
      "level": 3,
      "saturated": false,
      "xtalk": false
    },
    {
      "level": 1,
      "saturated": false,
      "xtalk": false
    },
    {
      "level": 1,
      "saturated": false,
      "xtalk": false
    },
    {
      "level": 3,
      "saturated": false,
      "xtalk": false
    },
    {
      "level": 1,
      "saturated": false,
      "xtalk": false
    },
    {
      "level": 1,
      "saturated": false,
      "xtalk": false
    },
    {
      "level": 2,
      "saturated": false,
      "xtalk": false
    },
    {
      "level": 3,
      "saturated": false,
      "xtalk": false
    },
    {
      "level": 3,
      "saturated": false,
      "xtalk": false
    },
    {
      "level": 3,
      "saturated": false,
      "xtalk": false
    },
    {
      "level": 3,
      "saturated": false,
      "xtalk": false
    },
    {
      "level": 1,
      "saturated": false,
      "xtalk": false
    },
    {
      "level": 1,
      "saturated": false,
      "xtalk": false
    },
    {
      "level": 1,
      "saturated": false,
      "xtalk": false
    }
  ],