{
  "dark_noise": {
    "0": [
      0.0003381306669325568,
      0.00016054519787559975,
      0.00024940127332229167,
      0.00015367133077522587
    ],
    "1": [
      0.00023854530809330754,
      0.00012775909539950573,
      0.00019899418475688435,
      0.00011863682251905615
    ],
    "2": [
      3.3637463729974115e-05,
      2.5753155730179703e-05,
      3.284753802290652e-05,
      2.0440557931474808e-05
    ],
    "3": [
      2.4867247248039348e-05,
      1.1109132082574492e-05,
      1.5878532622082275e-05,
      1.2115816722938862e-05
    ],
    "4": [
      1.8878940863942262e-05,
      8.577612661035525e-06,
      2.4040348307607928e-05,
      1.147429165354671e-05
    ],
    "5": [
      1.3490225683199242e-05,
      1.0480018799299895e-05,
      2.559508402555366e-05,
      9.822333333369054e-06
    ],
    "6": [
      1.808438696571102e-05,
      8.051975826294415e-06,
      2.1808157271152595e-05,
      1.1893259466233897e-05
    ],
    "7": [
      1.8526305893828976e-05,
      1.0137805066802978e-05,
      2.0856241462752223e-05,
      1.0971120616495216e-05
    ],
    "8": [
      1.8526305893828976e-05,
      1.0137805066802978e-05,
      2.0856241462752223e-05,
      1.0971120616495216e-05
    ],
    "9": [
      1.8526305893828976e-05,
      1.0137805066802978e-05,
      2.0856241462752223e-05,
      1.0971120616495216e-05
    ],
    "10": [
      1.8526305893828976e-05,
      1.0137805066802978e-05,
      2.0856241462752223e-05,
      1.0971120616495216e-05
    ],
    "11": [
      1.8526305893828976e-05,
      1.0137805066802978e-05,
      2.0856241462752223e-05,
      1.0971120616495216e-05
    ],
    "12": [
      1.8526305893828976e-05,
      1.0137805066802978e-05,
      2.0856241462752223e-05,
      1.0971120616495216e-05
    ],
    "13": [
      1.8526305893828976e-05,
      1.0137805066802978e-05,
      2.0856241462752223e-05,
      1.0971120616495216e-05
    ],
    "14": [
      1.8526305893828976e-05,
      1.0137805066802978e-05,
      2.0856241462752223e-05,
      1.0971120616495216e-05
    ]
  },
  "amplitudes": [
    [
      0.6,
      0.6143359108929176
    ],
    [
      0.15371531484999995,
      0.19606359844790539
    ],
    [
      0.5043624818221925,
      0.5211586744035854
    ],
    [
      0.4036314570229428,
      0.3635942188219479
    ],
    [
      0.5764352733768959,
      0.6
    ],
    [
      0.505967615584462,
      0.46095981415565224
    ],
    [
      0.39433010109237254,
      0.41757102942296126
    ],
    [
      0.39503518491983414,
      0.5362631753087044
    ],
    [
      0.0006097721416153945,
      0.0016721343854442239
    ],
    [
      0.0003499661397654563,
      0.0011782554793171585
    ],
    [
      0.4723471544132102,
      0.47680513333463287
    ],
    [
      0.6000000000000001,
      0.5831154989183651
    ],
    [
      0.07769554466568071,
      0.10245833714038627
    ],
    [
      0.43855424565344986,
      0.4964018221804704
    ],
    [
      0.5360808464912956,
      0.6
    ],
    [
      0.12013107191243497,
      0.1541016316695152
    ],
    [
      0.0005023321891017877,
      0.0010405495316782964
    ],
    [
      0.000361928221529514,
      0.00040584851438699724
    ],
    [
      0.0028247249429114163,
      0.010034963488578796
    ],
    [
      0.15901552513241768,
      0.184400025755167
    ],
    [
      1.235513877873018e-05,
      2.4513569769624155e-05
    ],
    [
      0.003216321347281337,
      0.0056235428201034665
    ],
    [
      0.004044029919896275,
      0.011731196427717805
    ],
    [
      0.053674932569265366,
      0.059025674127042294
    ],
    [
      0.10198074392974377,
      0.14408151619136333
    ],
    [
      0.4155573421560028,
      0.6
    ],
    [
      0.0071186476747952376,
      0.012839060131082769
    ],
    [
      0.0005152690117310852,
      0.0006211123223394475
    ]
  ],
  "signal_quality": [
    {
      "level": 3,
      "saturated": false,
      "xtalk": false
    },
    {
      "level": 3,
      "saturated": false,
      "xtalk": false
    },
    {
      "level": 3,
      "saturated": false,
      "xtalk": false
    },
    {
      "level": 3,
      "saturated": false,
      "xtalk": false
    },
    {
      "level": 3,
      "saturated": false,
      "xtalk": false
    },
    {
      "level": 3,
      "saturated": false,
      "xtalk": false
    },
    {
      "level": 3,
      "saturated": false,
      "xtalk": false
    },
    {
      "level": 3,
      "saturated": false,
      "xtalk": false
    },
    {
      "level": 2,
      "saturated": false,
      "xtalk": false
    },
    {
      "level": 1,
      "saturated": false,
      "xtalk": false
    },
    {
      "level": 3,
      "saturated": false,
      "xtalk": false
    },
    {
      "level": 3,
      "saturated": false,
      "xtalk": false
    },
    {
      "level": 3,
      "saturated": false,
      "xtalk": false
    },
    {
      "level": 3,
      "saturated": false,
      "xtalk": false
    },
    {
      "level": 3,
      "saturated": false,
      "xtalk": false
    },
    {
      "level": 3,
      "saturated": false,
      "xtalk": false
    },
    {
      "level": 2,
      "saturated": false,
      "xtalk": false
    },
    {
      "level": 1,
      "saturated": false,
      "xtalk": false
    },
    {
      "level": 2,
      "saturated": false,
      "xtalk": false
    },
    {
      "level": 3,
      "saturated": false,
      "xtalk": false
    },
    {
      "level": 1,
      "saturated": false,
      "xtalk": false
    },
    {
      "level": 3,
      "saturated": false,
      "xtalk": false
    },
    {
      "level": 3,
      "saturated": false,
      "xtalk": false
    },
    {
      "level": 3,
      "saturated": false,
      "xtalk": false
    },
    {
      "level": 3,
      "saturated": false,
      "xtalk": false
    },
    {
      "level": 3,
      "saturated": false,
      "xtalk": false
    },
    {
      "level": 3,
      "saturated": false,
      "xtalk": false
    },
    {
      "level": 2,
      "saturated": false,
      "xtalk": false
    }
  ],
  "coefficient_of_variation": [
    [
      0.5329686987019318,
      0.7375248636332014
    ],
    [
      0.607597249246415,
      0.8282985790830399
    ],
    [
      0.22440099034130206,
      0.33981827721859
    ],
    [
      0.9011761159716175,
      0.656687034799449
    ],
    [
      0.8203830495331239,
      0.5856057549502546
    ],
    [
      1.0458246528534665,
      0.7338284141405703
    ],
    [
      0.6823808952799246,
      0.4613536988406683
    ],
    [
      0.4519234590088884,
      0.6211904278886085
    ],
    [
      1.8157614325204652,
      1.2259240434331815
    ],
    [
      2.6782411749026633,
      1.1254968885880021
    ],
    [
      0.36090594943882903,
      0.5259278188398437
    ],
    [
      0.3777885406388076,
      0.546459335254839
    ],
    [
      0.5757989858252849,
      0.8186193440231627
    ],
    [
      0.12555451664685874,
      0.16306839378492902
    ],
    [
      0.28288966444104574,
      0.42283617786988553
    ],
    [
      0.37047724852380803,
      0.5248595968109754
    ],
    [
      2.1648324644052823,
      1.1520051287871773
    ],
    [
      1.9312478001793993,
      3.751827817839425
    ],
    [
      0.6214112782532948,
      0.623203339471922
    ],
    [
      0.08557979582448237,
      0.15603328416248
    ],
    [
      42.08375268060902,
      49.12047472717894
    ],
    [
      1.048441674213984,
      0.8397656721807158
    ],
    [
      0.576042126704258,
      0.7866233475501566
    ],
    [
      0.17463952376851513,
      0.4064440239395303
    ],
    [
      0.11842346247803895,
      0.14003207600780954
    ],
    [
      0.33141298472139696,
      0.4760242008921157
    ],
    [
      0.39679130483759895,
      0.5637357354732832
    ],
    [
      2.600060460935717,
      1.9293198783961438
    ]
  ]
}