{
  "dark_noise": {
    "0": [
      3.154033038299531e-05,
      1.8341985794097966e-05,
      3.70258840121096e-05,
      1.4604034889120648e-05
    ],
    "1": [
      4.06834533350775e-05,
      2.5288780385339316e-05,
      3.6867895687464625e-05,
      2.3523900576917834e-05
    ],
    "2": [
      4.1591324588807765e-05,
      2.4545633272355256e-05,
      5.1889196583942976e-05,
      2.594486730992223e-05
    ],
    "3": [
      4.3099612412333954e-05,
      2.0962633034944688e-05,
      4.1047810555028263e-05,
      1.926940630156829e-05
    ],
    "4": [
      2.7318255888530985e-05,
      1.4507338197772306e-05,
      2.696658839340671e-05,
      1.1886962043827522e-05
    ],
    "5": [
      5.3005646805104334e-05,
      2.5187512151931756e-05,
      4.857953626924427e-05,
      2.9851796291184218e-05
    ],
    "6": [
      5.109671747050015e-05,
      5.5944349927934555e-05,
      6.593050784431398e-05,
      4.8115216156378694e-05
    ],
    "7": [
      1.4187877468430088e-05,
      1.045026625584477e-05,
      1.9396723018871853e-05,
      1.077227765888331e-05
    ],
    "8": [
      1.4187877468430088e-05,
      1.045026625584477e-05,
      1.9396723018871853e-05,
      1.077227765888331e-05
    ],
    "9": [
      1.4187877468430088e-05,
      1.045026625584477e-05,
      1.9396723018871853e-05,
      1.077227765888331e-05
    ],
    "10": [
      1.4187877468430088e-05,
      1.045026625584477e-05,
      1.9396723018871853e-05,
      1.077227765888331e-05
    ],
    "11": [
      1.4187877468430088e-05,
      1.045026625584477e-05,
      1.9396723018871853e-05,
      1.077227765888331e-05
    ],
    "12": [
      1.4187877468430088e-05,
      1.045026625584477e-05,
      1.9396723018871853e-05,
      1.077227765888331e-05
    ],
    "13": [
      1.4187877468430088e-05,
      1.045026625584477e-05,
      1.9396723018871853e-05,
      1.077227765888331e-05
    ],
    "14": [
      1.4187877468430088e-05,
      1.045026625584477e-05,
      1.9396723018871853e-05,
      1.077227765888331e-05
    ]
  },
  "amplitudes": [
    [
      0.22586265024067886,
      0.17472830741690623
    ],
    [
      0.6,
      0.5517467110332364
    ],
    [
      0.18733250342295385,
      0.1895793708964387
    ],
    [
      0.04480120673550256,
      0.056364847697813567
    ],
    [
      0.482345681203947,
      0.6
    ],
    [
      0.3250573416996888,
      0.34640728944552696
    ],
    [
      0.09803590241957585,
      0.10022980547232589
    ],
    [
      0.6,
      0.4998596283114787
    ],
    [
      0.1184239849267098,
      0.10986596300580968
    ],
    [
      0.3855904864811866,
      0.32133505847411425
    ],
    [
      0.48377870138346957,
      0.6
    ],
    [
      0.1721982284178448,
      0.19075211018762223
    ],
    [
      0.06413513724673385,
      0.08195936426752026
    ],
    [
      0.017026504892993073,
      0.03622495801009599
    ],
    [
      0.6,
      0.5594968429768333
    ],
    [
      0.10262543613301528,
      0.10068050968214151
    ],
    [
      0.027146803373594458,
      0.02800629684081267
    ],
    [
      0.11910495022702472,
      0.1152876922190116
    ],
    [
      0.2541438169989062,
      0.6
    ],
    [
      0.05478332440407201,
      0.046313351703318364
    ],
    [
      0.05864562771666955,
      0.08329302353917997
    ],
    [
      0.0019878581224475056,
      0.0028023228514939547
    ],
    [
      0.35336729139089584,
      1.2138449400663376
    ],
    [
      0.006501755560748279,
      0.012470233486965299
    ],
    [
      0.004048836417496204,
      0.007225699373520911
    ],
    [
      0.4437193937223619,
      0.6
    ],
    [
      0.11916549257084474,
      0.17906394660862024
    ],
    [
      0.1392939554523689,
      0.2283546656720647
    ]
  ],
  "signal_quality": [
    {
      "level": 3,
      "saturated": false,
      "xtalk": false
    },
    {
      "level": 3,
      "saturated": false,
      "xtalk": false
    },
    {
      "level": 3,
      "saturated": false,
      "xtalk": false
    },
    {
      "level": 3,
      "saturated": false,
      "xtalk": false
    },
    {
      "level": 3,
      "saturated": false,
      "xtalk": false
    },
    {
      "level": 3,
      "saturated": false,
      "xtalk": false
    },
    {
      "level": 3,
      "saturated": false,
      "xtalk": false
    },
    {
      "level": 3,
      "saturated": false,
      "xtalk": false
    },
    {
      "level": 3,
      "saturated": false,
      "xtalk": false
    },
    {
      "level": 3,
      "saturated": false,
      "xtalk": false
    },
    {
      "level": 3,
      "saturated": false,
      "xtalk": false
    },
    {
      "level": 3,
      "saturated": false,
      "xtalk": false
    },
    {
      "level": 3,
      "saturated": false,
      "xtalk": false
    },
    {
      "level": 3,
      "saturated": false,
      "xtalk": false
    },
    {
      "level": 3,
      "saturated": false,
      "xtalk": false
    },
    {
      "level": 3,
      "saturated": false,
      "xtalk": false
    },
    {
      "level": 3,
      "saturated": false,
      "xtalk": false
    },
    {
      "level": 3,
      "saturated": false,
      "xtalk": false
    },
    {
      "level": 3,
      "saturated": false,
      "xtalk": false
    },
    {
      "level": 3,
      "saturated": false,
      "xtalk": false
    },
    {
      "level": 3,
      "saturated": false,
      "xtalk": false
    },
    {
      "level": 2,
      "saturated": false,
      "xtalk": false
    },
    {
      "level": 3,
      "saturated": false,
      "xtalk": false
    },
    {
      "level": 3,
      "saturated": false,
      "xtalk": false
    },
    {
      "level": 3,
      "saturated": false,
      "xtalk": false
    },
    {
      "level": 3,
      "saturated": false,
      "xtalk": false
    },
    {
      "level": 3,
      "saturated": false,
      "xtalk": false
    },
    {
      "level": 3,
      "saturated": false,
      "xtalk": false
    }
  ],
  "coefficient_of_variation": [
    [
      0.630821515998223,
      0.8415112660912603
    ],
    [
      0.3937114739260654,
      0.5885319060000679
    ],
    [
      0.3654201181160305,
      0.4030283869913438
    ],
    [
      2.2012411307668,
      1.6030317060718369
    ],
    [
      1.1740708675850282,
      0.8533865222554237
    ],
    [
      2.528038248094808,
      1.8243998743067085
    ],
    [
      1.827960083635727,
      1.307492688929108
    ],
    [
      0.4856145792240887,
      0.661423873107099
    ],
    [
      0.4995572509422239,
      0.670272971553058
    ],
    [
      0.23323104571517406,
      0.3197471197568248
    ],
    [
      0.5924927079868639,
      0.8778325790712838
    ],
    [
      0.9051872043251248,
      1.222198159711226
    ],
    [
      0.6996235896509729,
      0.9505873702393431
    ],
    [
      0.40770544928991126,
      0.4226125494800983
    ],
    [
      0.7376711732841272,
      1.0599663072736507
    ],
    [
      1.264579504438664,
      1.7004709267463018
    ],
    [
      0.8105569217853569,
      1.024900193524809
    ],
    [
      0.5771873569340069,
      0.7761616663797691
    ],
    [
      0.0979514236121679,
      0.1297928854221208
    ],
    [
      0.6028014678820571,
      0.8517415435231116
    ],
    [
      0.2670924275527317,
      0.24925792628616456
    ],
    [
      1.5940395010124535,
      1.3171012061403644
    ],
    [
      0.047863496339948755,
      0.22801104732613342
    ],
    [
      0.6295975816130083,
      0.7150746520523392
    ],
    [
      0.5561207528577996,
      0.43011140616496396
    ],
    [
      0.4745351070034764,
      0.6604162418273535
    ],
    [
      0.5385466638718871,
      0.7888930065711269
    ],
    [
      0.22396090722817677,
      0.2284314051371712
    ]
  ]
}