{
  "dark_noise": {
    "0": [
      3.415269702600199e-05,
      1.8397326448785874e-05,
      2.612432581372559e-05,
      1.315021187332636e-05
    ],
    "1": [
      2.940782678706455e-05,
      1.4589319193213851e-05,
      3.432923222135287e-05,
      1.1929830520185334e-05
    ],
    "2": [
      2.3931663690746063e-05,
      1.1656140128373047e-05,
      3.0774444894632325e-05,
      1.458835946179246e-05
    ],
    "3": [
      4.2275714804418385e-05,
      1.4377102227111521e-05,
      3.6871815609629266e-05,
      2.0814108548893582e-05
    ],
    "4": [
      3.272844196544611e-05,
      1.2958704471507798e-05,
      4.387937678984599e-05,
      2.6469205754779934e-05
    ],
    "5": [
      3.1500130717176944e-05,
      1.664741476514156e-05,
      2.496123897799407e-05,
      1.870597115134992e-05
    ],
    "6": [
      3.843102604150772e-05,
      2.558501981371126e-05,
      4.0401905607723165e-05,
      1.8723079374929735e-05
    ],
    "7": [
      1.433163106412394e-05,
      9.88453137113329e-06,
      2.2941972019907553e-05,
      1.0529492877469922e-05
    ],
    "8": [
      1.433163106412394e-05,
      9.88453137113329e-06,
      2.2941972019907553e-05,
      1.0529492877469922e-05
    ],
    "9": [
      1.433163106412394e-05,
      9.88453137113329e-06,
      2.2941972019907553e-05,
      1.0529492877469922e-05
    ],
    "10": [
      1.433163106412394e-05,
      9.88453137113329e-06,
      2.2941972019907553e-05,
      1.0529492877469922e-05
    ],
    "11": [
      1.433163106412394e-05,
      9.88453137113329e-06,
      2.2941972019907553e-05,
      1.0529492877469922e-05
    ],
    "12": [
      1.433163106412394e-05,
      9.88453137113329e-06,
      2.2941972019907553e-05,
      1.0529492877469922e-05
    ],
    "13": [
      1.433163106412394e-05,
      9.88453137113329e-06,
      2.2941972019907553e-05,
      1.0529492877469922e-05
    ],
    "14": [
      1.433163106412394e-05,
      9.88453137113329e-06,
      2.2941972019907553e-05,
      1.0529492877469922e-05
    ]
  },
  "amplitudes": [
    [
      0.2012473631985014,
      0.20489762950536378
    ],
    [
      0.5177028869360504,
      0.6000000000000001
    ],
    [
      0.09751738167801322,
      0.11048873100340931
    ],
    [
      0.4616272545669835,
      0.4136665239693653
    ],
    [
      0.6,
      0.5450451631689787
    ],
    [
      0.46402611893170864,
      0.2860581231880595
    ],
    [
      0.40921282343908694,
      0.40176343005284804
    ],
    [
      0.19932227209210396,
      0.2236551232635975
    ],
    [
      0.4954017326235771,
      0.5614760145545006
    ],
    [
      0.24160994216799736,
      0.2183590829372406
    ],
    [
      0.03695003688335419,
      0.06771372631192207
    ],
    [
      0.001718757557682693,
      0.004042162327095866
    ],
    [
      0.005747376708313823,
      0.012049117358401418
    ],
    [
      0.0005848730143043213,
      0.0013848886010237038
    ],
    [
      0.4683849455325656,
      0.5999999999999999
    ],
    [
      0.007242206569006255,
      0.013130671938496147
    ],
    [
      0.040102716496727434,
      0.04498986449712075
    ],
    [
      0.0032478215964926362,
      0.0045945110214258835
    ],
    [
      0.006088163936510682,
      0.015644518425688148
    ],
    [
      0.32028425484895706,
      0.3754119202494621
    ],
    [
      0.0039235386066138744,
      0.009754598722793162
    ],
    [
      0.0007145011947282614,
      0.0012646348369297275
    ],
    [
      0.22854002670540868,
      0.6
    ],
    [
      0.0019537679391353935,
      0.0033344783017607584
    ],
    [
      0.04687944265907854,
      0.06893257878978465
    ],
    [
      0.35889894023241836,
      0.6
    ],
    [
      0.02462134169193315,
      0.04166967299463803
    ],
    [
      0.007842852465875816,
      0.016447024378595188
    ]
  ],
  "signal_quality": [
    {
      "level": 3,
      "saturated": false,
      "xtalk": false
    },
    {
      "level": 3,
      "saturated": false,
      "xtalk": false
    },
    {
      "level": 3,
      "saturated": false,
      "xtalk": false
    },
    {
      "level": 3,
      "saturated": false,
      "xtalk": false
    },
    {
      "level": 3,
      "saturated": false,
      "xtalk": false
    },
    {
      "level": 3,
      "saturated": false,
      "xtalk": false
    },
    {
      "level": 3,
      "saturated": false,
      "xtalk": false
    },
    {
      "level": 3,
      "saturated": false,
      "xtalk": false
    },
    {
      "level": 3,
      "saturated": false,
      "xtalk": false
    },
    {
      "level": 3,
      "saturated": false,
      "xtalk": false
    },
    {
      "level": 3,
      "saturated": false,
      "xtalk": false
    },
    {
      "level": 2,
      "saturated": false,
      "xtalk": false
    },
    {
      "level": 3,
      "saturated": false,
      "xtalk": false
    },
    {
      "level": 2,
      "saturated": false,
      "xtalk": false
    },
    {
      "level": 3,
      "saturated": false,
      "xtalk": false
    },
    {
      "level": 3,
      "saturated": false,
      "xtalk": false
    },
    {
      "level": 3,
      "saturated": false,
      "xtalk": false
    },
    {
      "level": 3,
      "saturated": false,
      "xtalk": false
    },
    {
      "level": 3,
      "saturated": false,
      "xtalk": false
    },
    {
      "level": 3,
      "saturated": false,
      "xtalk": false
    },
    {
      "level": 3,
      "saturated": false,
      "xtalk": false
    },
    {
      "level": 2,
      "saturated": false,
      "xtalk": false
    },
    {
      "level": 3,
      "saturated": false,
      "xtalk": false
    },
    {
      "level": 2,
      "saturated": false,
      "xtalk": false
    },
    {
      "level": 3,
      "saturated": false,
      "xtalk": false
    },
    {
      "level": 3,
      "saturated": false,
      "xtalk": false
    },
    {
      "level": 3,
      "saturated": false,
      "xtalk": false
    },
    {
      "level": 3,
      "saturated": false,
      "xtalk": false
    }
  ],
  "coefficient_of_variation": [
    [
      0.7661627106713189,
      1.0752185130209269
    ],
    [
      0.5032632561596122,
      0.8461012769263561
    ],
    [
      14.363682920770618,
      14.69223063913884
    ],
    [
      1.0425712841785266,
      0.724628940685815
    ],
    [
      0.6727319253222802,
      0.3785278634175371
    ],
    [
      0.8165119246971276,
      0.5341969175008944
    ],
    [
      15.020462311676761,
      13.715957293521795
    ],
    [
      0.7701579849282529,
      1.0663114727731586
    ],
    [
      0.450929854475077,
      0.6007724655382111
    ],
    [
      8.074176793392231,
      8.433503268853537
    ],
    [
      0.6168325837582027,
      0.9363618846641204
    ],
    [
      1.0347509388503158,
      0.8652121697990635
    ],
    [
      0.7532486887765082,
      1.1173138249068049
    ],
    [
      4.25745015292614,
      3.3108288719267622
    ],
    [
      0.3966505777726439,
      0.7039156548625028
    ],
    [
      0.6258495142745687,
      0.8845259962836572
    ],
    [
      0.6218068399573865,
      0.8824437104092419
    ],
    [
      36.83507753061741,
      36.93331130191318
    ],
    [
      0.4249625125479153,
      0.5398501682972476
    ],
    [
      0.5791484107452105,
      0.717331081717111
    ],
    [
      19.904776418696304,
      17.432406267014365
    ],
    [
      2.057986983262185,
      1.6431728383537898
    ],
    [
      0.19412371757647967,
      0.28762001666326087
    ],
    [
      0.9172216859194432,
      0.6017483596214591
    ],
    [
      17.584824269281167,
      18.3305796522108
    ],
    [
      0.6829519308784444,
      0.907778386732481
    ],
    [
      0.35061764217753555,
      0.5057765992259191
    ],
    [
      17.875567487136664,
      20.19327859246425
    ]
  ]
}