{
  "dark_noise": {
    "0": [
      2.6997104214387946e-05,
      1.5891935264617757e-05,
      4.1315884118375834e-05,
      1.7269947365912898e-05
    ],
    "1": [
      3.7952879665681394e-05,
      1.4170022252066775e-05,
      3.861983259412227e-05,
      2.581738929046661e-05
    ],
    "2": [
      4.202369382255711e-05,
      1.9945754612827655e-05,
      4.064953827764839e-05,
      2.6333571986809354e-05
    ],
    "3": [
      3.398874241611338e-05,
      1.9980162985020765e-05,
      4.340826762927463e-05,
      2.1309509766298704e-05
    ],
    "4": [
      3.8926791603444144e-05,
      1.9706778677632496e-05,
      4.7298299250542186e-05,
      2.1220857061513963e-05
    ],
    "5": [
      2.0734221379825613e-05,
      1.0834597556216853e-05,
      2.2225542579690227e-05,
      1.0945422366322526e-05
    ],
    "6": [
      2.151602757294313e-05,
      1.4460526631285186e-05,
      3.1916854368319036e-05,
      1.9687965484882384e-05
    ],
    "7": [
      1.8922072513305466e-05,
      8.948402651875177e-06,
      1.8851116010409896e-05,
      1.060764949890254e-05
    ],
    "8": [
      1.8922072513305466e-05,
      8.948402651875177e-06,
      1.8851116010409896e-05,
      1.060764949890254e-05
    ],
    "9": [
      1.8922072513305466e-05,
      8.948402651875177e-06,
      1.8851116010409896e-05,
      1.060764949890254e-05
    ],
    "10": [
      1.8922072513305466e-05,
      8.948402651875177e-06,
      1.8851116010409896e-05,
      1.060764949890254e-05
    ],
    "11": [
      1.8922072513305466e-05,
      8.948402651875177e-06,
      1.8851116010409896e-05,
      1.060764949890254e-05
    ],
    "12": [
      1.8922072513305466e-05,
      8.948402651875177e-06,
      1.8851116010409896e-05,
      1.060764949890254e-05
    ],
    "13": [
      1.8922072513305466e-05,
      8.948402651875177e-06,
      1.8851116010409896e-05,
      1.060764949890254e-05
    ],
    "14": [
      1.8922072513305466e-05,
      8.948402651875177e-06,
      1.8851116010409896e-05,
      1.060764949890254e-05
    ]
  },
  "amplitudes": [
    [
      0.311296895860083,
      0.35482682364997825
    ],
    [
      0.4692072231324971,
      0.6
    ],
    [
      0.18931354354962904,
      0.1956885082048756
    ],
    [
      0.05063353106379509,
      0.04072920884937048
    ],
    [
      0.19499657675623894,
      0.17038481310009956
    ],
    [
      0.4755999520421028,
      0.3458990529179573
    ],
    [
      0.0407342379912734,
      0.038113221526145935
    ],
    [
      0.5520960102280552,
      0.6
    ],
    [
      0.193378325624132,
      0.2255474665700487
    ],
    [
      0.2332790464133609,
      0.21253638903993502
    ],
    [
      0.4692993176606671,
      0.6
    ],
    [
      0.156797455694085,
      0.17029396273835007
    ],
    [
      0.04789866680877557,
      0.07325624528236378
    ],
    [
      0.08161679774367506,
      0.09411290886748233
    ],
    [
      0.4196181520819664,
      0.5451918765902519
    ],
    [
      0.03361864015460014,
      0.049773091450333595
    ],
    [
      0.008325744420289993,
      0.011716290609911084
    ],
    [
      0.03464518813416362,
      0.0390916271135211
    ],
    [
      0.047206452730984366,
      0.1516658421124572
    ],
    [
      0.4615841564311045,
      0.6
    ],
    [
      0.06489164507433437,
      0.09322399089609448
    ],
    [
      0.04063486131636492,
      0.07633642528994804
    ],
    [
      0.19238542335856326,
      0.6
    ],
    [
      0.0305829109694371,
      0.08014289494241464
    ],
    [
      0.14968297181618737,
      0.25306260523256197
    ],
    [
      0.2771097981248007,
      0.6
    ],
    [
      0.17753516715687717,
      0.24068076900777974
    ],
    [
      0.013330740816947172,
      0.024888832478485397
    ]
  ],
  "signal_quality": [
    {
      "level": 3,
      "saturated": false,
      "xtalk": false
    },
    {
      "level": 3,
      "saturated": false,
      "xtalk": false
    },
    {
      "level": 3,
      "saturated": false,
      "xtalk": false
    },
    {
      "level": 3,
      "saturated": false,
      "xtalk": false
    },
    {
      "level": 3,
      "saturated": false,
      "xtalk": false
    },
    {
      "level": 3,
      "saturated": false,
      "xtalk": false
    },
    {
      "level": 3,
      "saturated": false,
      "xtalk": false
    },
    {
      "level": 3,
      "saturated": false,
      "xtalk": false
    },
    {
      "level": 3,
      "saturated": false,
      "xtalk": false
    },
    {
      "level": 3,
      "saturated": false,
      "xtalk": false
    },
    {
      "level": 3,
      "saturated": false,
      "xtalk": false
    },
    {
      "level": 3,
      "saturated": false,
      "xtalk": false
    },
    {
      "level": 3,
      "saturated": false,
      "xtalk": false
    },
    {
      "level": 3,
      "saturated": false,
      "xtalk": false
    },
    {
      "level": 3,
      "saturated": false,
      "xtalk": false
    },
    {
      "level": 3,
      "saturated": false,
      "xtalk": false
    },
    {
      "level": 3,
      "saturated": false,
      "xtalk": false
    },
    {
      "level": 3,
      "saturated": false,
      "xtalk": false
    },
    {
      "level": 3,
      "saturated": false,
      "xtalk": false
    },
    {
      "level": 3,
      "saturated": false,
      "xtalk": false
    },
    {
      "level": 3,
      "saturated": false,
      "xtalk": false
    },
    {
      "level": 3,
      "saturated": false,
      "xtalk": false
    },
    {
      "level": 3,
      "saturated": false,
      "xtalk": false
    },
    {
      "level": 3,
      "saturated": false,
      "xtalk": false
    },
    {
      "level": 3,
      "saturated": false,
      "xtalk": false
    },
    {
      "level": 3,
      "saturated": false,
      "xtalk": false
    },
    {
      "level": 3,
      "saturated": false,
      "xtalk": false
    },
    {
      "level": 3,
      "saturated": false,
      "xtalk": false
    }
  ],
  "coefficient_of_variation": [
    [
      0.18100071574588933,
      0.2798388559169188
    ],
    [
      0.1354190406284414,
      0.21103567467685574
    ],
    [
      0.04493067674849833,
      0.06728869367644973
    ],
    [
      0.4021350304701536,
      0.328172902681184
    ],
    [
      0.3916155594578795,
      0.28070008458374024
    ],
    [
      0.4327149873403451,
      0.29935339515221315
    ],
    [
      0.13492969706850655,
      0.11244492636128761
    ],
    [
      0.3117896264664069,
      0.4511345236040584
    ],
    [
      0.3095722849825482,
      0.47811775471711404
    ],
    [
      0.12284110924084624,
      0.1747016563490569
    ],
    [
      0.11877197008680282,
      0.19260047548851325
    ],
    [
      0.11122593135089279,
      0.16581688829347144
    ],
    [
      0.2335130195906164,
      0.3757402770362881
    ],
    [
      0.09409684370089653,
      0.13007509328505387
    ],
    [
      0.2020243151712289,
      0.3144809896006348
    ],
    [
      0.38212938199393626,
      0.5178624774619031
    ],
    [
      0.4393029639531152,
      0.5354144721362969
    ],
    [
      0.18858503192837667,
      0.26872415743183287
    ],
    [
      0.15065155606373123,
      0.18626583194076715
    ],
    [
      0.17697413555339578,
      0.2674303329044832
    ],
    [
      0.12166238553039173,
      0.10906644494110435
    ],
    [
      0.14829727550543653,
      0.19404857403246875
    ],
    [
      0.1620783593267513,
      0.2096788394065869
    ],
    [
      0.15049432775009378,
      0.23370370862716003
    ],
    [
      0.03144911733653538,
      0.07318422806542245
    ],
    [
      0.1605268756448061,
      0.2469695573233052
    ],
    [
      0.056248297362335234,
      0.13785916692160216
    ],
    [
      0.08706204669123019,
      0.13271752546961874
    ]
  ]
}